driver,mtu,proto,dir,offload,load_pct,run,gbps,retr,loss_pct,jitter_ms,cpu_usr,cpu_sys,cpu_soft,cpu_irq,irq_per_s
r8169,1500,tcp,tx,default,100,1,2.356961712722927,0,0,0,0.00,0.25,0.00,0.84,107141
r8169,1500,tcp,tx,default,100,2,2.3565729080573186,0,0,0,0.01,0.23,0.00,0.86,106674
r8169,1500,tcp,tx,default,100,3,2.356311393506476,0,0,0,0.01,0.23,0.00,0.83,106841
r8169,1500,tcp,rx,default,100,1,2.3535526787912726,0,0,0,0.00,0.17,0.00,0.01,2
r8169,1500,tcp,rx,default,100,2,2.353502377770926,0,0,0,0.00,0.18,0.00,0.01,3
r8169,1500,tcp,rx,default,100,3,2.3536387287380283,0,0,0,0.00,0.16,0.00,0.00,2
r8169,1500,tcp,bidir,default,100,1,4.703742639672518,0,0,0,0.01,0.30,0.00,0.04,74
r8169,1500,tcp,bidir,default,100,2,4.702207834964424,0,0,0,0.00,0.27,0.00,0.04,3
r8169,1500,tcp,bidir,default,100,3,4.702189616213007,0,0,0,0.01,0.28,0.00,0.03,2
r8169,1500,tcp6,tx,default,100,1,2.324959502523203,0,0,0,0.00,0.23,0.00,0.82,106400
r8169,1500,tcp6,tx,default,100,2,2.32469827397553,0,0,0,0.00,0.18,0.00,0.22,103632
r8169,1500,tcp6,tx,default,100,3,2.3240255409861637,0,0,0,0.01,0.26,0.00,0.80,105408
r8169,1500,tcp6,rx,default,100,1,2.32111966896229,0,0,0,0.00,0.12,0.00,0.00,2
r8169,1500,tcp6,rx,default,100,2,2.320862779721145,0,0,0,0.00,0.12,0.00,0.01,2
r8169,1500,tcp6,rx,default,100,3,2.32085465774915,0,0,0,0.00,0.15,0.00,0.01,4
r8169,1500,udp,tx,default,100,1,2.3909213084443173,0,0,0.0023942052664626661,0.11,0.49,0.00,0.48,122227
r8169,1500,udp,tx,default,100,2,2.3909973760202368,0,0,0.0047784855294098925,0.11,0.45,0.00,0.38,122728
r8169,1500,udp,tx,default,100,3,2.390951985062353,0,0,0.0032939020196475414,0.12,0.49,0.00,0.40,121702
r8169,1500,udp,rx,default,100,1,2.3909904051853568,0,0,0.004615336096095617,0.09,0.59,0.00,0.03,3
r8169,1500,udp,rx,default,100,2,2.390977621915622,0,0,0.0068406283341666662,0.08,0.74,0.00,0.06,3
r8169,1500,udp,rx,default,100,3,2.3910192629931935,0,0,0.005694880307108882,0.08,0.73,0.00,0.07,2
r8169,1500,tcp,tx,gro-off,100,1,2.3563007917869023,0,0,0,0.00,0.20,0.00,0.46,104848
r8169,1500,tcp,tx,gro-off,100,2,2.357336238189907,0,0,0,0.01,0.25,0.00,0.81,106474
r8169,1500,tcp,tx,gro-off,100,3,2.3568076179354223,0,0,0,0.01,0.23,0.00,0.84,106896
r8169,1500,tcp,rx,gro-off,100,1,2.3536069478436734,0,0,0,0.00,0.14,0.00,0.02,2
r8169,1500,tcp,rx,gro-off,100,2,2.3536354928787424,0,0,0,0.00,0.12,0.00,0.08,2
r8169,1500,tcp,rx,gro-off,100,3,2.3536263736868057,0,0,0,0.01,0.16,0.00,0.09,2
r8169,1500,tcp,tx,tso-off,100,1,2.357092696266208,0,0,0,0.01,0.18,0.00,1.22,100482
r8169,1500,tcp,tx,tso-off,100,2,2.356580565762,0,0,0,0.00,0.16,0.00,1.18,100231
r8169,1500,tcp,tx,tso-off,100,3,2.3564309594774433,0,0,0,0.01,0.18,0.00,1.22,100536
r8169,1500,tcp,rx,tso-off,100,1,2.353141855823179,0,0,0,0.01,0.13,0.00,0.00,7
r8169,1500,tcp,rx,tso-off,100,2,2.3536432848838738,0,0,0,0.00,0.18,0.00,0.01,2
r8169,1500,tcp,rx,tso-off,100,3,2.353654319821121,0,0,0,0.00,0.18,0.00,0.01,2
r8169,1500,tcp,tx,all-off,100,1,2.3564353818087462,0,0,0,0.00,0.20,0.00,1.03,99511
r8169,1500,tcp,tx,all-off,100,2,2.35654021610864,0,0,0,0.07,0.21,0.00,0.99,99592
r8169,1500,tcp,tx,all-off,100,3,2.35595268859994,0,0,0,0.01,0.19,0.00,1.05,97326
r8169,1500,tcp,rx,all-off,100,1,2.3533554386401256,0,0,0,0.01,0.16,0.00,0.05,4
r8169,1500,tcp,rx,all-off,100,2,2.3536431412877574,0,0,0,0.00,0.13,0.00,0.07,2
r8169,1500,tcp,rx,all-off,100,3,2.353662850878547,0,0,0,0.02,0.17,0.00,0.09,2
r8169,1500,udp,tx,default,25,1,0.6249888969141653,0,0,0.02650145857167106,0.04,0.12,0.00,0.06,27530
r8169,1500,udp,tx,default,25,2,0.6249938180582888,0,0,0.027454211574941711,0.02,0.09,0.00,0.06,27151
r8169,1500,udp,tx,default,25,3,0.624989678042979,0,0,0.0227959057737214,0.02,0.14,0.00,0.06,27287
r8169,1500,udp,rx,default,25,1,0.6249984698703944,0,0,0.0087478473745995627,0.09,0.19,0.00,0.19,26163
r8169,1500,udp,rx,default,25,2,0.6250005520510941,0,0.02941939548933489,0.00953002405608143,0.03,0.28,0.00,0.21,26628
r8169,1500,udp,rx,default,25,3,0.6250001507311209,0,0,0.00778919658087676,0.02,0.24,0.00,0.18,26449
r8169,1500,udp,tx,default,50,1,1.2499646710184342,0,0,0.013675292885539118,0.02,0.11,0.00,0.87,56150
r8169,1500,udp,tx,default,50,2,1.2499788765620574,0,0,0.010415767644167314,0.04,0.13,0.00,0.64,56412
r8169,1500,udp,tx,default,50,3,1.2499668690359065,0,0,0.015913660520565309,0.03,0.23,0.00,0.39,52280
r8169,1500,udp,rx,default,50,1,1.2499949896488407,0,0,0.0090167046622607241,0.02,0.13,0.00,0.19,10801
r8169,1500,udp,rx,default,50,2,1.2499928010697783,0,0,0.00917810207190751,0.09,0.16,0.00,0.19,10498
r8169,1500,udp,rx,default,50,3,1.2499956778523993,0,0,0.0096758570179253,0.03,0.17,0.00,0.15,10926
r8169,1500,udp,tx,default,75,1,1.87494998565841,0,0,0.016354937868090252,0.07,0.58,0.00,0.80,83176
r8169,1500,udp,tx,default,75,2,1.8749544380045657,0,0,0.014112341365702464,0.05,0.27,0.00,0.45,77614
r8169,1500,udp,tx,default,75,3,1.874935164552928,0,0,0.0065353593948306,0.06,0.42,0.00,1.04,83538
r8169,1500,udp,rx,default,75,1,1.8749959484234822,0,0,0.00663391651622617,0.01,0.03,0.00,0.07,1084
r8169,1500,udp,rx,default,75,2,1.8749883915555314,0,0,0.0078028774527500976,0.04,0.19,0.00,0.06,598
r8169,1500,udp,rx,default,75,3,1.8749974797199636,0,0,0.010332864467951923,0.09,0.24,0.00,0.02,463
r8169,9000,tcp,tx,default,100,1,2.4774255516168218,0,0,0,0.01,0.18,0.00,0.35,34593
r8169,9000,tcp,tx,default,100,2,2.4781932857497626,0,0,0,0.08,0.10,0.00,0.34,35051
r8169,9000,tcp,tx,default,100,3,2.476969548691948,0,0,0,0.00,0.18,0.00,0.41,34767
r8169,9000,tcp,rx,default,100,1,2.4748624292079917,0,0,0,0.00,0.18,0.00,0.17,37972
r8169,9000,tcp,rx,default,100,2,2.474459578015512,0,0,0,0.01,0.24,0.00,0.16,37628
r8169,9000,tcp,rx,default,100,3,2.4746354806858264,0,0,0,0.02,0.24,0.00,0.16,37731
r8169,9000,tcp,bidir,default,100,1,4.921838255568461,0,0,0,0.01,0.29,0.00,0.46,28319
r8169,9000,tcp,bidir,default,100,2,4.926796439460018,0,0,0,0.01,0.22,0.00,0.49,28120
r8169,9000,tcp,bidir,default,100,3,0.0007863316444238804,0,0,0,0.00,0.02,0.00,0.00,8
r8169,9000,tcp6,tx,default,100,1,2.471996458594071,0,0,0,0.08,0.54,0.00,0.44,34857
r8169,9000,tcp6,tx,default,100,2,2.4718737497523846,0,0,0,0.01,0.51,0.00,0.46,34727
r8169,9000,tcp6,tx,default,100,3,2.471480907260982,0,0,0,0.00,0.06,0.00,0.41,34724
r8169,9000,tcp6,rx,default,100,1,2.469497986550339,0,0,0,0.01,0.20,0.00,0.20,36887
r8169,9000,tcp6,rx,default,100,2,2.4690822892786897,0,0,0,0.02,0.20,0.00,0.15,37236
r8169,9000,tcp6,rx,default,100,3,2.4692195168652713,0,0,0,0.01,0.18,0.00,0.19,37625
r8169,9000,udp,tx,default,100,1,2.391032560785653,0,0,0.0026551075218783316,0.13,0.63,0.00,0.96,119269
r8169,9000,udp,tx,default,100,2,2.3910078299182143,0,0,0.0030519540472387441,0.12,0.57,0.00,0.55,120394
r8169,9000,udp,tx,default,100,3,2.391063109763834,0,0,0.0042335935262148156,0.20,0.63,0.00,0.97,120347
r8169,9000,udp,rx,default,100,1,2.390932096035867,0,0,0.016838144656377906,0.08,0.72,0.00,0.07,3
r8169,9000,udp,rx,default,100,2,2.3910585912644726,0,0,0.011918776339998391,0.07,0.62,0.00,0.03,2
r8169,9000,udp,rx,default,100,3,2.3910466869604545,0,0,0.0082941986208980752,0.10,0.61,0.00,0.03,2
r8169,9000,tcp,tx,gro-off,100,1,2.476856143627535,0,0,0,0.01,0.15,0.00,0.34,34632
r8169,9000,tcp,tx,gro-off,100,2,2.4771206272913115,0,0,0,0.01,0.15,0.00,0.33,34652
r8169,9000,tcp,tx,gro-off,100,3,2.4787627242589276,0,0,0,0.01,0.34,0.00,0.40,35076
r8169,9000,tcp,rx,gro-off,100,1,2.4749773041607415,0,0,0,0.08,0.27,0.00,0.49,45536
r8169,9000,tcp,rx,gro-off,100,2,2.4749800881562933,0,0,0,0.01,0.25,0.00,0.51,46025
r8169,9000,tcp,rx,gro-off,100,3,2.475006072416804,0,0,0,0.01,0.20,0.00,0.48,45726
r8169,9000,tcp,tx,tso-off,100,1,2.4769344638843833,0,0,0,0.00,0.09,0.00,0.19,34921
r8169,9000,tcp,tx,tso-off,100,2,2.477165429130978,0,0,0,0.02,0.09,0.00,0.27,35167
r8169,9000,tcp,tx,tso-off,100,3,2.476871931106816,0,0,0,0.00,0.06,0.00,0.49,35266
r8169,9000,tcp,rx,tso-off,100,1,2.4744586502100736,0,0,0,0.01,0.24,0.00,0.17,37438
r8169,9000,tcp,rx,tso-off,100,2,2.4747132042571516,0,0,0,0.00,0.22,0.00,0.22,37410
r8169,9000,tcp,rx,tso-off,100,3,2.4749623489433485,0,0,0,0.08,0.24,0.00,0.18,37392
r8169,9000,tcp,tx,all-off,100,1,2.4771204119330603,0,0,0,0.01,0.19,0.00,0.34,34389
r8169,9000,tcp,tx,all-off,100,2,2.476731902938091,0,0,0,0.00,0.25,0.00,0.43,34572
r8169,9000,tcp,tx,all-off,100,3,2.477091001256656,0,0,0,0.03,0.74,0.00,0.47,35038
r8169,9000,tcp,rx,all-off,100,1,2.4750240142484414,0,0,0,0.03,0.28,0.00,0.42,49089
r8169,9000,tcp,rx,all-off,100,2,2.474985965500804,0,0,0,0.02,0.21,0.00,0.49,46312
r8169,9000,tcp,rx,all-off,100,3,2.1972727250684634,1,0,0,0.02,0.17,0.00,0.27,37970
r8169,9000,udp,tx,default,25,1,0.6249817941900734,0,0,0.023207962637882214,0.08,0.21,0.00,0.04,27119
r8169,9000,udp,tx,default,25,2,0.624989990495051,0,0,0.0268888956888643,0.01,0.18,0.00,0.04,27117
r8169,9000,udp,tx,default,25,3,0.6249913965332416,0,0,0.02297078364730128,0.02,0.11,0.00,0.14,28987
r8169,9000,udp,rx,default,25,1,0.6250005723076824,0,0,0.0100928827737093,0.02,0.15,0.00,0.18,26989
r8169,9000,udp,rx,default,25,2,0.6249961049422177,0,0,0.010730481251738654,0.03,0.19,0.00,0.18,27048
r8169,9000,udp,rx,default,25,3,0.6249983594677807,0,0,0.0093234344725860938,0.03,0.20,0.00,0.26,27623
r8169,9000,udp,tx,default,50,1,1.2499679898631444,0,0,0.015171185223208738,0.02,0.10,0.00,1.05,56938
r8169,9000,udp,tx,default,50,2,1.2499644003577461,0,0,0.0093922910989483535,0.03,0.18,0.00,1.05,55182
r8169,9000,udp,tx,default,50,3,1.2499627237032733,0,0,0.0097926005552497458,0.09,0.20,0.00,0.82,53709
r8169,9000,udp,rx,default,50,1,1.2499946367830301,0,0,0.011239147089591353,0.01,0.13,0.00,0.14,10305
r8169,9000,udp,rx,default,50,2,1.2499931162713733,0,0,0.0099927323995155828,0.02,0.09,0.00,0.15,10564
r8169,9000,udp,rx,default,50,3,1.2499912012116987,0,0,0.010956343961741244,0.02,0.07,0.00,0.10,11467
r8169,9000,udp,tx,default,75,1,1.874942804922432,0,0,0.0075099073489304355,0.13,0.52,0.00,0.92,81677
r8169,9000,udp,tx,default,75,2,1.874942746748771,0,0,0.0057332578795269255,0.07,0.27,0.00,0.33,80910
r8169,9000,udp,tx,default,75,3,1.8749522454367062,0,0,0.010886916390645355,0.15,0.57,0.00,0.35,81412
r8169,9000,udp,rx,default,75,1,1.8749955994220548,0,0,0.0082775029885345935,0.19,0.35,0.00,0.03,383
r8169,9000,udp,rx,default,75,2,1.874991194241612,0,0,0.0070752056299388,0.01,0.03,0.00,0.05,1077
r8169,9000,udp,rx,default,75,3,1.8750000574922099,0,0,0.0088884011371506,0.01,0.02,0.00,0.05,1042
r8169,1500,vlan-tcp,tx,hwvlan,100,1,2.35,0,0,0,0,0,0,0,0
r8169,1500,vlan-tcp,rx,hwvlan,100,1,2.35,0,0,0,0,0,0,0,0
