driver,mtu,proto,dir,offload,load_pct,run,gbps,retr,loss_pct,jitter_ms,cpu_usr,cpu_sys,cpu_soft,cpu_irq,temp_mC
r8125_rust,1500,tcp,tx,default,100,1,2.349372738990054,0,0,0,0.00,0.27,0.00,0.50,87000
r8125_rust,1500,tcp,tx,default,100,2,2.356404518443257,0,0,0,0.00,0.27,0.00,0.50,88000
r8125_rust,1500,tcp,tx,default,100,3,2.3563915591981246,0,0,0,0.01,0.33,0.00,0.58,88750
r8125_rust,1500,tcp,rx,default,100,1,2.353029075811733,0,0,0,0.01,0.34,0.00,1.61,88375
r8125_rust,1500,tcp,rx,default,100,2,2.35295293023014,0,0,0,0.01,0.47,0.00,1.68,86625
r8125_rust,1500,tcp,rx,default,100,3,2.3531004598182528,0,0,0,0.01,0.41,0.00,1.68,86375
r8125_rust,1500,tcp,bidir,default,100,1,4.612057317598713,0,0,0,0.02,0.69,0.00,2.00,87500
r8125_rust,1500,tcp,bidir,default,100,2,4.606239698939873,0,0,0,0.01,0.72,0.00,2.00,88250
r8125_rust,1500,tcp,bidir,default,100,3,4.61349713374991,0,0,0,0.01,0.64,0.00,2.00,88250
r8125_rust,1500,udp,rx,default,100,1,2.389996146341429,0,0,0.010039273208448397,0.15,1.03,0.00,1.55,87875
r8125_rust,1500,udp,rx,default,100,2,2.39022712338339,0,0.026604831030246641,0.014334462939713986,0.11,0.80,0.00,1.33,86125
r8125_rust,1500,udp,rx,default,100,3,2.3901950603613513,0,0.0123089686828822,0.0050399870660945726,0.11,0.83,0.00,1.37,86750
r8125_rust,1500,tcp,tx,gro-off,100,1,2.356349383732621,0,0,0,0.01,0.29,0.00,0.47,86875
r8125_rust,1500,tcp,tx,gro-off,100,2,2.35606451125179,0,0,0,0.00,0.32,0.00,0.54,87375
r8125_rust,1500,tcp,tx,gro-off,100,3,2.3557217102531176,0,0,0,0.00,0.31,0.00,0.54,87875
r8125_rust,1500,tcp,rx,gro-off,100,1,2.353017869204888,0,0,0,0.06,0.49,0.00,1.64,89500
r8125_rust,1500,tcp,rx,gro-off,100,2,2.3530253985932696,0,0,0,0.01,0.49,0.00,1.59,88125
r8125_rust,1500,tcp,rx,gro-off,100,3,2.3532467749178485,0,0,0,0.01,0.44,0.00,1.69,86875
r8125_rust,1500,tcp,tx,tso-off,100,1,2.3563387811994425,0,0,0,0.01,0.31,0.00,1.07,86000
r8125_rust,1500,tcp,tx,tso-off,100,2,2.3563484411870057,0,0,0,0.00,0.29,0.00,0.99,86500
r8125_rust,1500,tcp,tx,tso-off,100,3,2.3557758880654243,0,0,0,0.00,0.31,0.00,1.08,87125
r8125_rust,1500,tcp,rx,tso-off,100,1,2.3529310494264535,0,0,0,0.07,0.40,0.00,1.65,89375
r8125_rust,1500,tcp,rx,tso-off,100,2,2.353229832938782,0,0,0,0.01,0.35,0.00,1.61,88000
r8125_rust,1500,tcp,rx,tso-off,100,3,2.353018958626434,0,0,0,0.01,0.46,0.00,1.72,86375
r8125_rust,1500,tcp,tx,all-off,100,1,2.3561552286183067,0,0,0,0.01,0.29,0.00,1.03,86750
r8125_rust,1500,tcp,tx,all-off,100,2,2.3553230437320223,0,0,0,0.00,0.27,0.00,0.92,87000
r8125_rust,1500,tcp,tx,all-off,100,3,2.355790232448514,0,0,0,0.00,0.30,0.00,1.07,87250
r8125_rust,1500,tcp,rx,all-off,100,1,2.35301989975628,0,0,0,0.01,0.49,0.00,1.64,87750
r8125_rust,1500,tcp,rx,all-off,100,2,2.3532041404221964,0,0,0,0.06,0.47,0.00,1.65,88125
r8125_rust,1500,tcp,rx,all-off,100,3,2.353100695127428,0,0,0,0.01,0.35,0.00,1.61,87250
r8125_rust,1500,udp,rx,default,25,1,0.624998270674361,0,0,0.013673068477606614,0.02,0.19,0.00,0.71,86250
r8125_rust,1500,udp,rx,default,25,2,0.6249996843233917,0,0,0.012185562479214028,0.03,0.19,0.00,0.69,86750
r8125_rust,1500,udp,rx,default,25,3,0.6249977491569463,0,0,0.012826401111594742,0.03,0.17,0.00,0.82,87250
r8125_rust,1500,udp,rx,default,50,1,1.2499958915902194,0,0.037623213708193985,0.010956574607334651,0.01,0.14,0.00,0.86,87750
r8125_rust,1500,udp,rx,default,50,2,1.2499952397037744,0,0,0.00980151262190649,0.09,0.42,0.00,1.02,88000
r8125_rust,1500,udp,rx,default,50,3,1.2499953376858133,0,0.00824697942795615,0.012088697999501371,0.02,0.15,0.00,0.92,87125
r8125_rust,1500,udp,rx,default,75,1,1.8749961988395025,0,0,0.0068830938393257346,0.06,0.56,0.00,1.10,86375
r8125_rust,1500,udp,rx,default,75,2,1.8749956038582856,0,0.037065866043960116,0.0090071430554819459,0.06,0.54,0.00,1.10,86875
r8125_rust,1500,udp,rx,default,75,3,1.8749932775098948,0,0,0.0077824753035995176,0.06,0.67,0.00,1.08,87375
r8125_rust,9000,tcp,tx,default,100,1,2.4768739024820476,0,0,0,0.00,0.41,0.00,0.50,84500
r8125_rust,9000,tcp,tx,default,100,2,2.476812726994015,0,0,0,0.02,0.37,0.00,0.55,84750
r8125_rust,9000,tcp,tx,default,100,3,2.476923111627507,0,0,0,0.00,0.49,0.00,0.54,85500
r8125_rust,9000,tcp,rx,default,100,1,2.4728221712295424,0,0,0,0.01,0.18,0.00,0.84,86250
r8125_rust,9000,tcp,rx,default,100,2,2.4684324188985585,0,0,0,0.06,0.21,0.00,0.76,86875
r8125_rust,9000,tcp,rx,default,100,3,2.4728827534401656,0,0,0,0.01,0.19,0.00,0.76,87250
r8125_rust,9000,tcp,bidir,default,100,1,0.0005242606335949263,1,0,0,0.00,0.00,0.00,0.00,87750
r8125_rust,9000,tcp,bidir,default,100,2,4.923451579850587,0,0,0,0.02,0.23,0.00,1.03,87750
r8125_rust,9000,tcp,bidir,default,100,3,4.918700796098387,0,0,0,0.01,0.25,0.00,0.98,88125
r8125_rust,9000,udp,rx,default,100,1,2.2883649914427635,0,0.038160298275905211,0.058903947534953129,0.01,0.10,0.00,0.52,88250
r8125_rust,9000,udp,rx,default,100,2,2.28870998971759,0,0.0084442818138317343,0.048122677144875552,0.06,0.13,0.00,0.55,87375
r8125_rust,9000,udp,rx,default,100,3,2.2906850221466946,0,0.0068749140635742051,0.0552422371910955,0.01,0.10,0.00,0.61,85875
r8125_rust,9000,tcp,tx,gro-off,100,1,2.4766119384194973,0,0,0,0.00,0.07,0.00,0.16,86000
r8125_rust,9000,tcp,tx,gro-off,100,2,2.47661218606826,0,0,0,0.01,0.43,0.00,0.44,86875
r8125_rust,9000,tcp,tx,gro-off,100,3,2.477923975990102,0,0,0,0.00,0.07,0.00,0.19,87250
r8125_rust,9000,tcp,rx,gro-off,100,1,2.47257068376888,0,0,0,0.00,0.19,0.00,0.72,87750
r8125_rust,9000,tcp,rx,gro-off,100,2,2.473000963833592,0,0,0,0.06,0.20,0.00,0.76,88375
r8125_rust,9000,tcp,rx,gro-off,100,3,2.473198305453378,0,0,0,0.01,0.18,0.00,0.88,87500
r8125_rust,9000,tcp,tx,tso-off,100,1,2.4765944531330226,0,0,0,0.00,0.03,0.00,0.02,86375
r8125_rust,9000,tcp,tx,tso-off,100,2,2.476880837545889,0,0,0,0.01,0.12,0.00,0.18,86500
r8125_rust,9000,tcp,tx,tso-off,100,3,2.476782264214109,0,0,0,0.00,0.30,0.00,0.64,87250
r8125_rust,9000,tcp,rx,tso-off,100,1,2.4727905100143315,0,0,0,0.01,0.17,0.00,0.78,87750
r8125_rust,9000,tcp,rx,tso-off,100,2,2.4730101113694603,0,0,0,0.05,0.23,0.00,0.80,88375
r8125_rust,9000,tcp,rx,tso-off,100,3,2.46715845661772,0,0,0,0.01,0.20,0.00,0.75,87500
r8125_rust,9000,tcp,tx,all-off,100,1,2.477716207489432,0,0,0,0.00,0.12,0.00,0.10,86375
r8125_rust,9000,tcp,tx,all-off,100,2,2.4765279883433813,0,0,0,0.01,0.08,0.00,0.31,86875
r8125_rust,9000,tcp,tx,all-off,100,3,2.476564787150747,0,0,0,0.00,0.17,0.00,0.20,87250
r8125_rust,9000,tcp,rx,all-off,100,1,2.4727383231392226,0,0,0,0.01,0.20,0.00,0.77,87750
r8125_rust,9000,tcp,rx,all-off,100,2,2.4731001283163048,0,0,0,0.06,0.22,0.00,0.74,88250
r8125_rust,9000,tcp,rx,all-off,100,3,2.4680833973485785,0,0,0,0.00,0.17,0.00,0.74,88125
r8125_rust,9000,udp,rx,default,25,1,0.6250005752544974,0,0,0.001472699229288522,0.00,0.03,0.00,0.14,86875
r8125_rust,9000,udp,rx,default,25,2,0.624997263031,0,0,0.0016008451011929174,0.01,0.05,0.00,0.17,86500
r8125_rust,9000,udp,rx,default,25,3,0.6249981961082335,0,0,0.002081858347172982,0.01,0.03,0.00,0.15,86875
r8125_rust,9000,udp,rx,default,50,1,1.2500014749597335,0,0.038940586972083038,0.0037982452082604623,0.01,0.08,0.00,0.27,87375
r8125_rust,9000,udp,rx,default,50,2,1.2499978921239432,0,0.0034358357670503351,0.012032083772623494,0.06,0.13,0.00,0.38,88000
r8125_rust,9000,udp,rx,default,50,3,1.2499990170569124,0,0,0.0047218431724300371,0.01,0.10,0.00,0.34,87750
r8125_rust,9000,udp,rx,default,75,1,1.8749916960574222,0,0,0.027268064173458874,0.01,0.12,0.00,0.52,86625
r8125_rust,9000,udp,rx,default,75,2,1.8749938587536334,0,0,0.029480691189441157,0.02,0.12,0.00,0.43,86625
r8125_rust,9000,udp,rx,default,75,3,1.8749935375693159,0,0,0.026886890182654635,0.01,0.11,0.00,0.46,87250
